<?xml version="1.0" encoding="UTF-8"?>
<beans xmlns="http://www.springframework.org/schema/beans"
       xmlns:mvc="http://www.springframework.org/schema/mvc"
       xmlns:context="http://www.springframework.org/schema/context"
       xmlns:xsi="http://www.w3.org/2001/XMLSchema-instance"
       xsi:schemaLocation="
http://www.springframework.org/schema/beans
http://www.springframework.org/schema/beans/spring-beans.xsd
http://www.springframework.org/schema/mvc
http://www.springframework.org/schema/mvc/spring-mvc.xsd
http://www.springframework.org/schema/context
http://www.springframework.org/schema/context/spring-context.xsd">

    <!--包扫描-->
    <context:component-scan base-package="com.igeek.shop.controller"/>

    <!--视图解析器-->
    <bean id="internalResourceViewResolver" class="org.springframework.web.servlet.view.InternalResourceViewResolver">
        <property name="prefix" value="/WEB-INF/pages/"/>
        <property name="suffix" value=".jsp"/>
    </bean>

    <!--配置文件解析器对象-->  <!--multipartResolver 固定不能变-->
    <bean id="multipartResolver" class="org.springframework.web.multipart.commons.CommonsMultipartResolver">
        <property name="maxUploadSize" value="10485760"/>  <!--10M-->
    </bean>

    <!--配置自定义异常解析器-->
    <bean id="mySysExceptionResolver" class="com.igeek.shop.exception.MySysExceptionResolver"/>


    <mvc:interceptors>
        <mvc:interceptor>
            <!--要拦截的方法-->
            <mvc:mapping path="/user/**/"/>   <!--  /**表示拦截所有的controller  -->

            <!--不拦截的方法 -->                                           <!--  user/**表示拦截user下的controller  -->
            <!--<mvc:exclude-mapping path=""/>-->

            <!--配置拦截器-->
            <bean id="myInterCeptor01" class="com.igeek.shop.interceptor.MyInterCeptor01"/>
        </mvc:interceptor>

        <!--配置第二个拦截器-->
        <mvc:interceptor>
            <!--要拦截的方法-->
            <mvc:mapping path="/**/"/>   <!--  /**表示拦截所有的controller  -->
            <!--配置拦截器-->
            <bean id="myInterCeptor02" class="com.igeek.shop.interceptor.MyInterCeptor02"/>
        </mvc:interceptor>
    </mvc:interceptors>

    <mvc:annotation-driven/>
</beans>