<?xml version="1.0" encoding="UTF-8"?>
<!DOCTYPE configuration
        PUBLIC "-//mybatis.org//DTD Config 3.0//EN"
        "http://mybatis.org/dtd/mybatis-3-config.dtd">
<configuration>

    <!--引入jdbcConfig.properties-->
    <!--加载db.properties-->
    <properties resource="jdbcConfig.properties"/>

    <!-- 配置连接数据库的信息 -->
    <environments default="dev">
        <!-- 配置mybatis的环境 -->
        <environment id="dev">
            <transactionManager type="JDBC"/>
            <!-- 配置事务管理 -->
            <dataSource type="POOLED">
                <property name="driver" value="${jdbc.driver}"/>
                <property name="url" value="${jdbc.url}"/>
                <property name="username" value="${jdbc.username}"/>
                <property name="password" value="${jdbc.password}"/>
            </dataSource>
        </environment>
    </environments>

    <!--指定映射文件的位置-->
    <mappers>
        <!--配置文件的方式-->
        <!--  1、 <mapper resource="com/igeek/ssm/xxxDao"/>-->
        <!--  2、 <mapper class="com.igeek.ssm.mapper.xxxDao"/>-->
        <!--  3、 <package name="com.igeek.ssm.mapper"/>-->

        <!--扫描此包下的所有文件-->
        <!--<mapper class="com.igeek.ssm.mapper.AccountDao"/>-->
        <package name="com.igeek.ssm.mapper"/>
    </mappers>

</configuration>